sample,condition,ARNTL,NPAS2,CLOCK,CRY1,CRY2,NR1D1,NR1D2,PER1,PER2,PER3,DBP,TEF
GSM813411,non-tumor,7.71476576,7.226709076,8.015686519,8.717359432,9.734276661,6.895287058,7.6627478205,7.189661058,8.337109186,8.502708377,7.776159439,8.556504448
GSM813412,tumor,7.562038402,8.000888445,9.877368031,8.9715016925,10.01981529,6.871948987,7.752722891,7.359763566,8.3487170655,8.174138576,8.146886555,8.383122609
GSM813413,non-tumor,7.4645993995,7.107206279,7.838269121,8.1140604885,9.883472292,6.970621374,7.284820882,7.697798624,8.482635087,9.63446816,7.988961111,9.604706743
